goodstype,type,brand
包袋,男士包袋&女士包袋&钱包&手拿包&斜挎包&拉杆箱&双肩包&手提包,爱马仕&香奈儿&迪奥&路易威登&古驰&圣罗兰&宝格丽&蔻驰&葆蝶家&范思哲&杜嘉班纳&克洛伊&普拉达&缪缪&亚历山大麦昆
腕表,男士&女士&机械腕表&石英腕表,百达翡丽&江诗丹顿&宝柏&宝玑&朗格&积家&芝柏&萧邦&万国&沛纳海&格拉苏蒂&劳力士&真力时&卡地亚&欧米茄&浪琴&天梭&汉密尔顿
珠宝首饰,项链&吊坠&手链&耳饰&手镯&戒指/指环&手串&串珠配珠&首饰套装&胸针&头饰,梵克雅宝&尚美&蒂芙尼&迪奥&宝格丽&施华洛世奇&爱马仕&潘多拉&香奈儿&路易威登&ApmMonaco&莫妮卡维纳德
服饰,男装&女装&男士卫衣&男士裤装&男士衬衫&男士夹克&女式连衣裙&女式外套,博柏利&EmporioArmani&范思哲&MaxMara&杜嘉班纳&PRADA&纪梵希&圣罗兰&华伦天奴&丝黛拉麦卡妮
鞋履,平底鞋&靴子&皮鞋&拖鞋&高跟鞋&凉鞋&运动鞋&乐福鞋,古驰&巴黎世家&JimmyChoo&马诺洛伯拉尼克&菲拉格慕&博柏利&华伦天奴&斯图尔特韦茨曼&塞乔罗西&GoldenGoose&RogerVivier&Tod's&Hogan&普拉达&缪缪
配饰,墨镜&眼镜框&腰带&围巾&丝巾&雨伞&挂饰&帽子&手套&钥匙扣&袖口&领结,爱马仕&路易威登&古驰&菲拉格慕&范思哲&博柏利&万宝龙&雷朋&普拉达&巴利&缪缪&葆蝶家
运动,跑步鞋&运动服&背包&健身装备&骑行装备&泳装,阿迪达斯&耐克&Y-3&彪马&Supreme&Hotsuit&始祖鸟&Marmot&鬼冢虎&安德玛&Superga&亚瑟士
家居,饰品摆件&生活电器&家具&智能科技&手机&影音娱乐,Zippo&都彭&菲仕乐&玛戈隆特&三星&魔声&微软&华为
美妆,面部护理&眼部护理&身体护理&美容健康&香水&面部彩妆&唇部彩妆,海蓝之谜&SK-II&香奈儿&迪奥&兰蔻&雅诗兰黛&YSL&TomFord
生活方式,豪车租赁&飞机游艇&旅行&美容与健康,奥迪&OXYGYM&青岛乘风破浪帆船俱乐部
