url,title,price,feature
http://pic11.secooimg.com/product/300/300/2019/0705/216edab1df344728b737c5b150d0ff5f.jpg,NIKE/耐克,【LVR】 NIKE/耐克 19春夏 女士 “w Nike Air Max Ff 720”运动鞋 69I-XB9001_MDAx0,"￥2,267"
http://pic11.secooimg.com/product/300/300/2019/0704/5237a61275d64d76b65838c9283723fb.jpg,adidas originals/阿迪达斯三叶草,【LVR】adidas originals/阿迪达斯三叶草 19秋冬 女士 "yung-1"运动鞋 70I-0HD050_Q0hBTEsgV0hJVEU1,"￥1,165"
http://pic11.secooimg.com/product/300/300/2019/0705/2919f7aae1574ddfab1376eaf06aca2c.jpg,NIKE/耐克,【LVR】 NIKE/耐克 19秋冬 男士 “stranger Things Classic Cortez”运动鞋 70I-XGJ004_MTAw0,￥718
http://pic11.secooimg.com/product/300/300/2019/0620/9c684543960c4a80998388f387eafddb.jpg,Lanvin/浪凡,【LVR】19秋冬 Lanvin/浪凡男士 修身棉府绸衬衫,"￥2,999"
,ALEXANDRE VAUTHIER/ALEXANDRE VAUTHIER,【LVR】ALEXANDRE VAUTHIER/ALEXANDRE VAUTHIER 女士 罗缎高腰不对称半身裙 69I-5K0047_TEVNT041,"￥18,348"
http://pic11.secooimg.com/product/300/300/2019/0701/4d0671081c7441d281090306d21f4ab6.jpg,THOM BROWNE/THOM BROWNE,【LVR】 19秋冬 THOM BROWNE/THOM BROWNE 男士 直筒版型纯棉牛津纺衬衫 70I-LA9051_MTAw0,"￥3,108"
http://pic11.secooimg.com/product/300/300/2019/0616/ee127a05391546d4a09e2a5f4abe39c0.jpg,BOYY/BOYY,【LVR】BOYY/BOYY 女士 35毫米烫箔皮革穆勒鞋 67I-WH5006_TU9PTkRVU1Q1,"￥4,894"
http://pic11.secooimg.com/product/300/300/2019/0628/0a442b02e9ae4aa2b8eddf3c90a8b3a7.jpg,MSGM/MSGM,【LVR】 19秋冬 MSGM/MSGM 男士 印花条纹棉府绸衬衫 70I-L6T008_MDI1,"￥1,877"
http://pic11.secooimg.com/product/300/300/2019/0614/e9e6ca4bf1374071b465f78067a7cab5.jpg,J.W. Anderson/J.W. Anderson,【LVR】J.W. Anderson/J.W. Anderson 女士 皮革单肩包 68I-IJF002_MzQz0,"￥12,520"
http://pic11.secooimg.com/product/300/300/2019/0613/e0752d0253da4692badc987d5386e103.jpg,BY FAR/BY FAR,【LVR】BY FAR/BY FAR 女士 60毫米"木兰"丝缎凉鞋 69I-6TG009_T1JBTkdF0,"￥2,390"
http://pic11.secooimg.com/product/300/300/2019/0614/8aa17d94f9084006a519dad82b71b5d5.jpg,YUZEFI/YUZEFI,【LVR】YUZEFI/YUZEFI 女士 "达里亚"皮革手提包 70I-7PU015_TVVTVEFSRA2,"￥4,060"
http://pic11.secooimg.com/product/300/300/2019/0620/4f90bb1d3ace433db62562ee83c6519e.jpg,MSGM/MSGM,【LVR】19秋冬 MSGM/MSGM女士 “pm”荷叶边缎面中长连衣裙,"￥3,754"
http://pic11.secooimg.com/product/300/300/2019/0620/2fab9c1c7b1e4024922298cdf9bc186f.jpg,BOYY/BOYY,【LVR】19秋冬 BOYY/BOYY女士 bobby 23皮革手提包,"￥9,917"
http://pic11.secooimg.com/product/300/300/2019/0614/59902628071a41ee8411e3676e2e1b20.jpg,REPRESENT/REPRESENT,【LVR】REPRESENT/REPRESENT 男士 印图粘胶纤维衬衫 69I-WC0023_QkxBQ0sgRkxPUkFM0,"￥1,983"
http://pic11.secooimg.com/product/300/300/2019/0620/4e8fe03f12a743dbad952dae2c423ef7.jpg,CA&LOU/CA&LOU,【LVR】19秋冬 CA&LOU/CA&LOU女士 “teodora”彩色水晶耳环,"￥2,125"
http://pic11.secooimg.com/product/300/300/2019/0705/da93cc8334064bbcbc75ca7f773f32bf.jpg,BALMAIN/宝曼,【LVR】 BALMAIN/宝曼 19秋冬 女士 植绒新logo纯棉平纹针织t恤 70I-L5Z049_RUFC0,"￥1,620"
http://pic11.secooimg.com/product/300/300/2019/0614/3d3e336c362445f4b4e1cfc89241c26b.jpg,CULT GAIA/CULT GAIA,【LVR】CULT GAIA/CULT GAIA 女士 皮革托特包 70I-IUW004_U1BD0,"￥4,624"
http://pic11.secooimg.com/product/300/300/2019/0614/1e86f354e8704d0b9913f6ae5ab52759.jpg,FAMT - FUCK ART MAKE TEES/FAMT - FUCK ART MAKE TEES,【LVR】FAMT - FUCK ART MAKE TEES/FAMT - FUCK ART MAKE TEES 女士 "you Should Never Be Comfortable"帽子 69I-,￥299
http://pic11.secooimg.com/product/300/300/2019/0616/f658954e6a9b40228ec5fa2c424e562c.jpg,ALEXANDRE VAUTHIER/ALEXANDRE VAUTHIER,【LVR】ALEXANDRE VAUTHIER/ALEXANDRE VAUTHIER 女士 打结弹力绸缎短款上衣 69I-5K0036_TlVU0,"￥5,066"
http://pic11.secooimg.com/product/300/300/2019/0614/ac252ef96bdb4687aa4b678227654aef.jpg,Paco Rabanne/帕科,【LVR】Paco Rabanne/帕科 女士 Logo边平纹运动内衣 67I-MDQ001_MDAx0,￥874
http://pic11.secooimg.com/product/300/300/2019/0614/0fd6e8f9c36d488dbd65ba6aed1c873e.jpg,CA&LOU/CA&LOU,【LVR】CA&LOU/CA&LOU 女士 夹式吊坠耳环 70I-WL5002_Q1JZU1RBTA2,"￥2,519"
http://pic11.secooimg.com/product/300/300/2019/0705/c47a3f0432c244b89a9ab6d39212ca07.jpg,BALMAIN/宝曼,【LVR】 BALMAIN/宝曼 19秋冬 女士 植绒徽章logo纯棉平纹针织t恤 70I-L5Z052_R0FC0,"￥1,620"
http://pic11.secooimg.com/product/300/300/2019/0628/730f6e8b496543dd907243f30c0fb737.jpg,Dsquared2/D二次方,【LVR】 19秋冬 Dsquared2/D二次方 男士 贴片珠地网眼棉polo衫 70I-G7E037_OTAw0,"￥1,651"
http://pic11.secooimg.com/product/300/300/2019/0614/884b8282d9814c2d8e73e9dfcb8bb2f5.jpg,ALESSANDRA RICH/ALESSANDRA RICH,【LVR】ALESSANDRA RICH/ALESSANDRA RICH 女士 "海马"水晶夹扣耳环 69I-WYS005_Q1JZU1RBTA2,"￥3,683"
http://pic11.secooimg.com/product/300/300/2019/0705/7ba9a552b84441c89cee626bb0dc7757.jpg,NIKE/耐克,【LVR】 NIKE/耐克 19春夏 女士 “air Max 90 Be True”运动鞋 69I-XB9007_MTAw0,"￥1,409"
http://pic11.secooimg.com/product/300/300/2019/0704/4414186ec1384cda9bca92ae6a5382f4.jpg,adidas originals/阿迪达斯三叶草,【LVR】adidas originals/阿迪达斯三叶草 19秋冬 女士 "yung-1"运动鞋 70I-0HD051_TVVMVElDT0xPUg2,"￥1,165"
http://pic11.secooimg.com/product/300/300/2019/0614/38138ae7de584036bfddef891f944ea1.jpg,THOM BROWNE/THOM BROWNE,【LVR】THOM BROWNE/THOM BROWNE 男士 纯棉混纺&皮革运动鞋 67I-ATT001_MTAw0,"￥3,426"
http://pic11.secooimg.com/product/300/300/2019/0620/69685948400d41d3902e8855270a0bc4.jpg,Ganni/Ganni,【LVR】19秋冬 Ganni/Ganni女士 围裹式真丝缎中长连衣裙,"￥4,439"
http://pic11.secooimg.com/product/300/300/2019/0613/99257dbe736f4d64a6e6b6076afdddce.jpg,ALEXANDRE VAUTHIER/ALEXANDRE VAUTHIER,【LVR】ALEXANDRE VAUTHIER/ALEXANDRE VAUTHIER 女士 100毫米"卡拉"装饰绸缎凉鞋 69I-8N4004_REFSSyBOVURF0,"￥6,154"
http://pic11.secooimg.com/product/300/300/2019/0614/d47217760776465f91a393c27e8ede29.jpg,Jil Sander/吉尔·桑达,【LVR】Jil Sander/吉尔·桑达 女士 小号"缠结"皮革单肩包 70I-5CH001_NzA30,"￥3,559"
http://pic11.secooimg.com/product/300/300/2019/0614/a8781024ef1c4d8b8d5f2afaf8c03337.jpg,Rene Caovilla/芮妮·乔薇拉,【LVR】Rene Caovilla/芮妮·乔薇拉 女士 10毫米施华洛世奇水晶绸缎凉鞋 69I-AKE004_WDM0Ng2,"￥6,984"
http://pic11.secooimg.com/product/300/300/2019/0705/55cc1a551f214f5ea51fecbcfe1d9bb4.jpg,BALMAIN/宝曼,【LVR】 BALMAIN/宝曼 19秋冬 男士 印图纯棉平纹针织连帽卫衣 70I-S3N017_QUFB0,"￥6,500"
http://pic11.secooimg.com/product/300/300/2019/0704/a6dbdf392a3b4f2e8c8d8ad264393a01.jpg,adidas originals/阿迪达斯三叶草,【LVR】adidas originals/阿迪达斯三叶草 19秋冬 女士 “ozweego Pride”运动鞋 70I-0HD034_V0hJVEU1,"￥1,165"
http://pic11.secooimg.com/product/300/300/2019/0620/619a9949a25b4a329edbaf8d825962c7.jpg,Ganni/Ganni,【LVR】19秋冬 Ganni/Ganni女士 格纹泡泡纱中长连衣裙,"￥2,314"
http://pic11.secooimg.com/product/300/300/2019/0620/42cfe79371764b2aa58bbaf50d981703.jpg,Dsquared2/D二次方,【LVR】19秋冬 Dsquared2/D二次方女士 纯棉格纹衬衫,"￥7,280"
http://pic11.secooimg.com/product/300/300/2019/0616/a05003fadcf548d1a7cef096e0bbb92e.jpg,CULT GAIA/CULT GAIA,【LVR】CULT GAIA/CULT GAIA 女士 50毫米凉鞋 70I-WZ6002_TlVE0,"￥2,656"
http://pic11.secooimg.com/product/300/300/2019/0620/9d4b64fa0bb148a7930c6d85576c13f0.jpg,Lanvin/浪凡,【LVR】19秋冬 Lanvin/浪凡男士 “censored Logo”平纹针织t恤,"￥2,359"
http://pic11.secooimg.com/product/300/300/2019/0620/d0d5812bc2ef4f4080f20088e2d60020.jpg,BORGO DE NOR/BORGO DE NOR,【LVR】19秋冬 BORGO DE NOR/BORGO DE NOR女士 “teodora”褶饰棉府绸连衣裙,"￥6,533"
http://pic11.secooimg.com/product/300/300/2019/0620/84ea9cc9937247cfa9ecf8b396791e97.jpg,BOYY/BOYY,【LVR】19秋冬 BOYY/BOYY女士 fred链条细节皮革单肩包,"￥8,807"
http://pic11.secooimg.com/product/300/300/2019/0615/43f18ca5f1bb4c90a528bb41744cb2c9.jpg,CULT GAIA/CULT GAIA,【LVR】CULT GAIA/CULT GAIA 女士 90毫米编织皮革穆勒鞋 70I-WZ6001_U1BD0,"￥3,138"
http://pic11.secooimg.com/product/300/300/2019/0614/c76b491b4d284c07899bde99d968454b.jpg,GIAMBA/GIAMBA,【LVR】GIAMBA/GIAMBA 女士 印图雪纺&薄纱连衣裙 69I-AFC005_OTUzNQ2,"￥36,275"
http://pic11.secooimg.com/product/300/300/2019/0702/e45396258af048809dce099f3fbfda24.jpg,CULT GAIA/CULT GAIA,【LVR】 19秋冬 CULT GAIA/CULT GAIA 女士 竹子单肩包 70I-IUW007_TkFUVVJBTA2,"￥1,842"
http://pic11.secooimg.com/product/300/300/2019/0614/a6879150d1d84c9b94e87486a6a09ee6.jpg,MAKE MONEY NOT FRIENDS/MAKE MONEY NOT FRIENDS,【LVR】MAKE MONEY NOT FRIENDS/MAKE MONEY NOT FRIENDS 女士 Logo刺绣棒球帽 67I-WIX013_MDAy0,￥543
http://pic11.secooimg.com/product/300/300/2019/0705/f34c105938d048c6b37bc007840321d4.jpg,NIKE/耐克,【LVR】 NIKE/耐克 19春夏 女士 “ws D Break Undercover”运动鞋 69I-WRT003_MzAw0,"￥1,046"
http://pic11.secooimg.com/product/300/300/2019/0614/c86280e47ab64cea8cd8b2cd74ebf913.jpg,Dsquared2/D二次方,【LVR】Dsquared2/D二次方 男士 皮革登山及踝靴 70I-GH4003_MjEyNA2,"￥4,759"
http://pic11.secooimg.com/product/300/300/2019/0620/0941f130bef1487cab6888876f254e69.jpg,BOYY/BOYY,【LVR】19秋冬 BOYY/BOYY女士 bobby 16皮革手提包,"￥7,501"
http://pic11.secooimg.com/product/300/300/2019/0705/6ae041aceea344b99e609816a191c076.jpg,NIKE/耐克,【LVR】 NIKE/耐克 19秋冬 男士 Stranger Things Air Tailwind Qs Sneakers 70I-XGJ006_MzAw0,￥718
http://pic11.secooimg.com/product/300/300/2019/0620/0bf29616ae0d408ea161901d8c951e64.jpg,BOYY/BOYY,【LVR】19秋冬 BOYY/BOYY女士 bobby 23皮革手提包,"￥9,917"
http://pic11.secooimg.com/product/300/300/2019/0614/2189e7afddcc4a659cde14599f9b2e1f.jpg,YUUL YIE/YUUL YIE,【LVR】YUUL YIE/YUUL YIE 女士 70毫米皮革&塑料高跟鞋 69I-LOQ002_QkxBQ0smTVVTVEFSRA2,"￥2,420"
http://pic11.secooimg.com/product/300/300/2019/0614/60b15bfd6365431ebb575726457cb101.jpg,CULT GAIA/CULT GAIA,【LVR】CULT GAIA/CULT GAIA 女士 亚克力单肩包 70I-IUW005_QlRT0,"￥4,529"
http://pic11.secooimg.com/product/300/300/2019/0705/216edab1df344728b737c5b150d0ff5f.jpg,NIKE/耐克,【LVR】 NIKE/耐克 19春夏 女士 “w Nike Air Max Ff 720”运动鞋 69I-XB9001_MDAx0,"￥2,267"
http://pic11.secooimg.com/product/300/300/2019/0704/5237a61275d64d76b65838c9283723fb.jpg,adidas originals/阿迪达斯三叶草,【LVR】adidas originals/阿迪达斯三叶草 19秋冬 女士 "yung-1"运动鞋 70I-0HD050_Q0hBTEsgV0hJVEU1,"￥1,165"
http://pic11.secooimg.com/product/300/300/2019/0705/2919f7aae1574ddfab1376eaf06aca2c.jpg,NIKE/耐克,【LVR】 NIKE/耐克 19秋冬 男士 “stranger Things Classic Cortez”运动鞋 70I-XGJ004_MTAw0,￥718
http://pic11.secooimg.com/product/300/300/2019/0620/9c684543960c4a80998388f387eafddb.jpg,Lanvin/浪凡,【LVR】19秋冬 Lanvin/浪凡男士 修身棉府绸衬衫,"￥2,999"
http://pic11.secooimg.com/product/300/300/2019/0614/98f2b4839b7148339766eab258edb808.jpg,ALEXANDRE VAUTHIER/ALEXANDRE VAUTHIER,【LVR】ALEXANDRE VAUTHIER/ALEXANDRE VAUTHIER 女士 罗缎高腰不对称半身裙 69I-5K0047_TEVNT041,"￥18,348"
